641028cef84f684cbe744d16,Volvo,S80 T6,272,tr�s longue,5,5,blanc,false,50500
641028cef84f684cbe744d18,Volvo,S80 T6,272,tr�s longue,5,5,noir,false,50500
641028cef84f684cbe744d1a,Volvo,S80 T6,272,tr�s longue,5,5,rouge,false,50500
641028cef84f684cbe744d1c,Volvo,S80 T6,272,tr�s longue,5,5,gris,true,35350
641028cef84f684cbe744d1e,Volvo,S80 T6,272,tr�s longue,5,5,bleu,true,35350
641028cef84f684cbe744d20,Volvo,S80 T6,272,tr�s longue,5,5,gris,false,50500
641028cef84f684cbe744d22,Volvo,S80 T6,272,tr�s longue,5,5,bleu,false,50500
641028cef84f684cbe744d24,Volvo,S80 T6,272,tr�s longue,5,5,rouge,true,35350
641028cef84f684cbe744d26,Volvo,S80 T6,272,tr�s longue,5,5,blanc,true,35350
641028cef84f684cbe744d28,Volvo,S80 T6,272,tr�s longue,5,5,noir,true,35350
641028cef84f684cbe744d2a,Volkswagen,Touran 2.0 FSI,150,longue,7,5,rouge,false,27340
641028cef84f684cbe744d2c,Volkswagen,Touran 2.0 FSI,150,longue,7,5,gris,true,19138
641028cef84f684cbe744d2e,Volkswagen,Touran 2.0 FSI,150,longue,7,5,bleu,true,19138
641028cef84f684cbe744d30,Volkswagen,Touran 2.0 FSI,150,longue,7,5,gris,false,27340
641028cef84f684cbe744d32,Volkswagen,Touran 2.0 FSI,150,longue,7,5,bleu,false,27340
641028cef84f684cbe744d34,Volkswagen,Touran 2.0 FSI,150,longue,7,5,blanc,true,19138
641028cef84f684cbe744d36,Volkswagen,Touran 2.0 FSI,150,longue,7,5,noir,true,19138
641028cef84f684cbe744d38,Volkswagen,Touran 2.0 FSI,150,longue,7,5,rouge,true,19138
641028cef84f684cbe744d3a,Volkswagen,Touran 2.0 FSI,150,longue,7,5,blanc,false,27340
641028cef84f684cbe744d3c,Volkswagen,Touran 2.0 FSI,150,longue,7,5,noir,false,27340
641028cef84f684cbe744d3e,Volkswagen,Polo 1.2 6V,55,courte,5,3,blanc,true,8540
641028cef84f684cbe744d40,Volkswagen,Polo 1.2 6V,55,courte,5,3,blanc,false,12200
641028cef84f684cbe744d42,Volkswagen,Polo 1.2 6V,55,courte,5,3,noir,false,12200
641028cef84f684cbe744d44,Volkswagen,Polo 1.2 6V,55,courte,5,3,noir,true,8540
641028cef84f684cbe744d46,Volkswagen,Polo 1.2 6V,55,courte,5,3,bleu,true,8540
641028cef84f684cbe744d48,Volkswagen,Polo 1.2 6V,55,courte,5,3,bleu,false,12200
641028cef84f684cbe744d4a,Volkswagen,Polo 1.2 6V,55,courte,5,3,rouge,true,8540
641028cef84f684cbe744d4c,Volkswagen,Polo 1.2 6V,55,courte,5,3,rouge,false,12200
641028cef84f684cbe744d4e,Volkswagen,Polo 1.2 6V,55,courte,5,3,gris,false,12200
641028cef84f684cbe744d50,Volkswagen,Polo 1.2 6V,55,courte,5,3,gris,true,8540
641028cef84f684cbe744d52,Volkswagen,New Beatle 1.8,110,moyenne,5,5,blanc,true,18641
641028cef84f684cbe744d54,Volkswagen,New Beatle 1.8,110,moyenne,5,5,noir,true,18641
641028cef84f684cbe744d56,Volkswagen,New Beatle 1.8,110,moyenne,5,5,rouge,true,18641
641028cef84f684cbe744d58,Volkswagen,New Beatle 1.8,110,moyenne,5,5,gris,true,18641
641028cef84f684cbe744d5a,Volkswagen,New Beatle 1.8,110,moyenne,5,5,bleu,true,18641
641028cef84f684cbe744d5c,Volkswagen,New Beatle 1.8,110,moyenne,5,5,rouge,false,26630
641028cef84f684cbe744d5e,Volkswagen,New Beatle 1.8,110,moyenne,5,5,gris,false,26630
641028cef84f684cbe744d60,Volkswagen,New Beatle 1.8,110,moyenne,5,5,bleu,false,26630
641028cef84f684cbe744d62,Volkswagen,New Beatle 1.8,110,moyenne,5,5,blanc,false,26630
641028cef84f684cbe744d64,Volkswagen,New Beatle 1.8,110,moyenne,5,5,noir,false,26630
641028cef84f684cbe744d66,Volkswagen,Golf 2.0 FSI,150,moyenne,5,5,rouge,true,16029
641028cff84f684cbe744d68,Volkswagen,Golf 2.0 FSI,150,moyenne,5,5,gris,true,16029
641028cff84f684cbe744d6a,Volkswagen,Golf 2.0 FSI,150,moyenne,5,5,bleu,true,16029
641028cff84f684cbe744d6c,Volkswagen,Golf 2.0 FSI,150,moyenne,5,5,blanc,true,16029
641028cff84f684cbe744d6e,Volkswagen,Golf 2.0 FSI,150,moyenne,5,5,noir,true,16029
641028cff84f684cbe744d70,Volkswagen,Golf 2.0 FSI,150,moyenne,5,5,blanc,false,22900
641028cff84f684cbe744d72,Volkswagen,Golf 2.0 FSI,150,moyenne,5,5,noir,false,22900
641028cff84f684cbe744d74,Volkswagen,Golf 2.0 FSI,150,moyenne,5,5,bleu,false,22900
641028cff84f684cbe744d76,Volkswagen,Golf 2.0 FSI,150,moyenne,5,5,rouge,false,22900
641028cff84f684cbe744d78,Volkswagen,Golf 2.0 FSI,150,moyenne,5,5,gris,false,22900
641028cff84f684cbe744d7a,Skoda,Superb 2.8 V6,193,tr�s longue,5,5,rouge,false,31790
641028cff84f684cbe744d7c,Skoda,Superb 2.8 V6,193,tr�s longue,5,5,gris,false,31790
641028cff84f684cbe744d7e,Skoda,Superb 2.8 V6,193,tr�s longue,5,5,bleu,false,31790
641028cff84f684cbe744d80,Skoda,Superb 2.8 V6,193,tr�s longue,5,5,noir,false,31790
641028cff84f684cbe744d82,Skoda,Superb 2.8 V6,193,tr�s longue,5,5,blanc,false,31790
641028cff84f684cbe744d84,Seat,Toledo 1.6,102,longue,5,5,blanc,false,18880
641028cff84f684cbe744d86,Seat,Toledo 1.6,102,longue,5,5,noir,false,18880
641028cff84f684cbe744d88,Seat,Toledo 1.6,102,longue,5,5,rouge,false,18880
641028cff84f684cbe744d8a,Seat,Toledo 1.6,102,longue,5,5,gris,false,18880
641028cff84f684cbe744d8c,Seat,Toledo 1.6,102,longue,5,5,bleu,false,18880
641028cff84f684cbe744d8e,Saab,9.3 1.8T,150,longue,5,5,blanc,true,27020
641028cff84f684cbe744d90,Saab,9.3 1.8T,150,longue,5,5,rouge,true,27020
641028cff84f684cbe744d92,Saab,9.3 1.8T,150,longue,5,5,gris,true,27020
641028cff84f684cbe744d94,Saab,9.3 1.8T,150,longue,5,5,bleu,true,27020
641028cff84f684cbe744d96,Saab,9.3 1.8T,150,longue,5,5,noir,true,27020
641028cff84f684cbe744d98,Saab,9.3 1.8T,150,longue,5,5,gris,false,38600
641028cff84f684cbe744d9a,Saab,9.3 1.8T,150,longue,5,5,bleu,false,38600
641028cff84f684cbe744d9c,Saab,9.3 1.8T,150,longue,5,5,noir,false,38600
641028cff84f684cbe744d9e,Saab,9.3 1.8T,150,longue,5,5,rouge,false,38600
641028cff84f684cbe744da0,Saab,9.3 1.8T,150,longue,5,5,blanc,false,38600
641028cff84f684cbe744da2,Renault,Vel Satis 3.5 V6,245,tr�s longue,5,5,gris,true,34440
641028cff84f684cbe744da4,Renault,Vel Satis 3.5 V6,245,tr�s longue,5,5,noir,true,34440
641028cff84f684cbe744da6,Renault,Vel Satis 3.5 V6,245,tr�s longue,5,5,bleu,true,34440
641028cff84f684cbe744da8,Renault,Vel Satis 3.5 V6,245,tr�s longue,5,5,rouge,true,34440
641028cff84f684cbe744daa,Renault,Vel Satis 3.5 V6,245,tr�s longue,5,5,blanc,true,34440
641028cff84f684cbe744dac,Renault,Vel Satis 3.5 V6,245,tr�s longue,5,5,gris,false,49200
641028cff84f684cbe744dae,Renault,Vel Satis 3.5 V6,245,tr�s longue,5,5,bleu,false,49200
641028cff84f684cbe744db0,Renault,Vel Satis 3.5 V6,245,tr�s longue,5,5,blanc,false,49200
641028cff84f684cbe744db2,Renault,Vel Satis 3.5 V6,245,tr�s longue,5,5,noir,false,49200
641028cff84f684cbe744db4,Renault,Vel Satis 3.5 V6,245,tr�s longue,5,5,rouge,false,49200
641028cff84f684cbe744db6,Renault,Megane 2.0 16V,135,moyenne,5,5,gris,true,15644
641028cff84f684cbe744db8,Renault,Megane 2.0 16V,135,moyenne,5,5,bleu,true,15644
641028cff84f684cbe744dba,Renault,Megane 2.0 16V,135,moyenne,5,5,rouge,true,15644
641028cff84f684cbe744dbc,Renault,Megane 2.0 16V,135,moyenne,5,5,blanc,true,15644
641028cff84f684cbe744dbe,Renault,Megane 2.0 16V,135,moyenne,5,5,noir,true,15644
641028cff84f684cbe744dc0,Renault,Megane 2.0 16V,135,moyenne,5,5,gris,false,22350
641028cff84f684cbe744dc2,Renault,Megane 2.0 16V,135,moyenne,5,5,bleu,false,22350
641028cff84f684cbe744dc4,Renault,Megane 2.0 16V,135,moyenne,5,5,blanc,false,22350
641028cff84f684cbe744dc6,Renault,Megane 2.0 16V,135,moyenne,5,5,noir,false,22350
641028cff84f684cbe744dc8,Renault,Megane 2.0 16V,135,moyenne,5,5,rouge,false,22350
641028cff84f684cbe744dca,Renault,Laguna 2.0T,170,longue,5,5,rouge,true,19110
641028cff84f684cbe744dcc,Renault,Laguna 2.0T,170,longue,5,5,gris,true,19110
641028cff84f684cbe744dce,Renault,Laguna 2.0T,170,longue,5,5,bleu,true,19110
641028cff84f684cbe744dd0,Renault,Laguna 2.0T,170,longue,5,5,blanc,true,19110
641028cff84f684cbe744dd2,Renault,Laguna 2.0T,170,longue,5,5,noir,true,19110
641028cff84f684cbe744dd4,Renault,Laguna 2.0T,170,longue,5,5,gris,false,27300
641028cff84f684cbe744dd6,Renault,Laguna 2.0T,170,longue,5,5,bleu,false,27300
641028cff84f684cbe744dd8,Renault,Laguna 2.0T,170,longue,5,5,rouge,false,27300
641028cff84f684cbe744dda,Renault,Laguna 2.0T,170,longue,5,5,noir,false,27300
641028cff84f684cbe744ddc,Renault,Laguna 2.0T,170,longue,5,5,blanc,false,27300
641028cff84f684cbe744dde,Renault,Espace 2.0T,165,longue,7,5,gris,true,21245
641028cff84f684cbe744de0,Renault,Espace 2.0T,165,longue,7,5,bleu,true,21245
641028cff84f684cbe744de2,Renault,Espace 2.0T,165,longue,7,5,noir,true,21245
641028cff84f684cbe744de4,Renault,Espace 2.0T,165,longue,7,5,rouge,true,21245
641028cff84f684cbe744de6,Renault,Espace 2.0T,165,longue,7,5,blanc,true,21245
641028cff84f684cbe744de8,Renault,Espace 2.0T,165,longue,7,5,noir,false,30350
641028cff84f684cbe744dea,Renault,Espace 2.0T,165,longue,7,5,bleu,false,30350
641028cff84f684cbe744dec,Renault,Espace 2.0T,165,longue,7,5,rouge,false,30350
641028cff84f684cbe744dee,Renault,Espace 2.0T,165,longue,7,5,blanc,false,30350
641028cff84f684cbe744df0,Renault,Espace 2.0T,165,longue,7,5,gris,false,30350
641028cff84f684cbe744df2,Peugeot,1007 1.4,75,courte,5,5,rouge,true,9625
641028cff84f684cbe744df4,Peugeot,1007 1.4,75,courte,5,5,noir,false,13750
641028cff84f684cbe744df6,Peugeot,1007 1.4,75,courte,5,5,gris,false,13750
641028cff84f684cbe744df8,Peugeot,1007 1.4,75,courte,5,5,blanc,true,9625
641028cff84f684cbe744dfa,Peugeot,1007 1.4,75,courte,5,5,rouge,false,13750
641028cff84f684cbe744dfc,Peugeot,1007 1.4,75,courte,5,5,gris,true,9625
641028cff84f684cbe744dfe,Peugeot,1007 1.4,75,courte,5,5,blanc,false,13750
641028cff84f684cbe744e00,Peugeot,1007 1.4,75,courte,5,5,bleu,true,9625
641028cff84f684cbe744e02,Peugeot,1007 1.4,75,courte,5,5,noir,true,9625
641028cff84f684cbe744e04,Peugeot,1007 1.4,75,courte,5,5,bleu,false,13750
641028cff84f684cbe744e06,Nissan,Primera 1.6,109,longue,5,5,noir,false,18650
641028cff84f684cbe744e08,Nissan,Primera 1.6,109,longue,5,5,bleu,false,18650
641028cff84f684cbe744e0a,Nissan,Primera 1.6,109,longue,5,5,rouge,false,18650
641028cff84f684cbe744e0c,Nissan,Primera 1.6,109,longue,5,5,gris,false,18650
641028cff84f684cbe744e0e,Nissan,Primera 1.6,109,longue,5,5,blanc,false,18650
641028cff84f684cbe744e10,Nissan,Maxima 3.0 V6,200,tr�s longue,5,5,noir,false,30000
641028cff84f684cbe744e12,Nissan,Maxima 3.0 V6,200,tr�s longue,5,5,gris,false,30000
641028cff84f684cbe744e14,Nissan,Maxima 3.0 V6,200,tr�s longue,5,5,bleu,false,30000
641028cff84f684cbe744e16,Nissan,Maxima 3.0 V6,200,tr�s longue,5,5,rouge,false,30000
641028cff84f684cbe744e18,Nissan,Maxima 3.0 V6,200,tr�s longue,5,5,blanc,false,30000
641028cff84f684cbe744e1a,Nissan,Almera 1.8,115,moyenne,5,5,gris,false,16450
641028cff84f684cbe744e1c,Nissan,Almera 1.8,115,moyenne,5,5,bleu,false,16450
641028cff84f684cbe744e1e,Nissan,Almera 1.8,115,moyenne,5,5,noir,false,16450
641028cff84f684cbe744e20,Nissan,Almera 1.8,115,moyenne,5,5,rouge,false,16450
641028cff84f684cbe744e22,Nissan,Almera 1.8,115,moyenne,5,5,blanc,false,16450
641028cff84f684cbe744e24,Mini,Copper 1.6 16V,115,courte,5,5,gris,true,12740
641028cff84f684cbe744e26,Mini,Copper 1.6 16V,115,courte,5,5,bleu,true,12740
641028cff84f684cbe744e28,Mini,Copper 1.6 16V,115,courte,5,5,rouge,true,12740
641028cff84f684cbe744e2a,Mini,Copper 1.6 16V,115,courte,5,5,noir,true,12740
641028cff84f684cbe744e2c,Mini,Copper 1.6 16V,115,courte,5,5,blanc,true,12740
641028cff84f684cbe744e2e,Mini,Copper 1.6 16V,115,courte,5,5,gris,false,18200
641028cff84f684cbe744e30,Mini,Copper 1.6 16V,115,courte,5,5,bleu,false,18200
641028cff84f684cbe744e32,Mini,Copper 1.6 16V,115,courte,5,5,rouge,false,18200
641028cff84f684cbe744e34,Mini,Copper 1.6 16V,115,courte,5,5,noir,false,18200
641028cff84f684cbe744e36,Mini,Copper 1.6 16V,115,courte,5,5,blanc,false,18200
641028cff84f684cbe744e38,Mercedes,S500,306,tr�s longue,5,5,noir,true,70910
641028cff84f684cbe744e3a,Mercedes,S500,306,tr�s longue,5,5,bleu,true,70910
641028cff84f684cbe744e3c,Mercedes,S500,306,tr�s longue,5,5,rouge,true,70910
641028cff84f684cbe744e3e,Mercedes,S500,306,tr�s longue,5,5,blanc,true,70910
641028cff84f684cbe744e40,Mercedes,S500,306,tr�s longue,5,5,bleu,false,101300
641028cff84f684cbe744e42,Mercedes,S500,306,tr�s longue,5,5,gris,true,70910
641028cff84f684cbe744e44,Mercedes,S500,306,tr�s longue,5,5,noir,false,101300
641028cff84f684cbe744e46,Mercedes,S500,306,tr�s longue,5,5,blanc,false,101300
641028cff84f684cbe744e48,Mercedes,S500,306,tr�s longue,5,5,rouge,false,101300
641028cff84f684cbe744e4a,Mercedes,S500,306,tr�s longue,5,5,gris,false,101300
641028cff84f684cbe744e4c,Mercedes,A200,136,moyenne,5,5,blanc,false,25900
641028cff84f684cbe744e4e,Mercedes,A200,136,moyenne,5,5,noir,false,25900
641028cff84f684cbe744e50,Mercedes,A200,136,moyenne,5,5,blanc,true,18130
641028cff84f684cbe744e52,Mercedes,A200,136,moyenne,5,5,rouge,true,18130
641028cff84f684cbe744e54,Mercedes,A200,136,moyenne,5,5,noir,true,18130
641028cff84f684cbe744e56,Mercedes,A200,136,moyenne,5,5,rouge,false,25900
641028cff84f684cbe744e58,Mercedes,A200,136,moyenne,5,5,bleu,true,18130
641028cff84f684cbe744e5a,Mercedes,A200,136,moyenne,5,5,gris,true,18130
641028cff84f684cbe744e5c,Mercedes,A200,136,moyenne,5,5,gris,false,25900
641028cff84f684cbe744e5e,Mercedes,A200,136,moyenne,5,5,bleu,false,25900
641028cff84f684cbe744e60,Lancia,Ypsilon 1.4 16V,90,courte,5,3,rouge,false,13500
641028cff84f684cbe744e62,Lancia,Ypsilon 1.4 16V,90,courte,5,3,bleu,true,9450
641028cff84f684cbe744e64,Lancia,Ypsilon 1.4 16V,90,courte,5,3,gris,false,13500
641028cff84f684cbe744e66,Lancia,Ypsilon 1.4 16V,90,courte,5,3,bleu,false,13500
641028cff84f684cbe744e68,Lancia,Ypsilon 1.4 16V,90,courte,5,3,noir,false,13500
641028cff84f684cbe744e6a,Lancia,Ypsilon 1.4 16V,90,courte,5,3,rouge,true,9450
641028cff84f684cbe744e6c,Lancia,Ypsilon 1.4 16V,90,courte,5,3,gris,true,9450
641028cff84f684cbe744e6e,Lancia,Ypsilon 1.4 16V,90,courte,5,3,blanc,false,13500
641028cff84f684cbe744e70,Lancia,Ypsilon 1.4 16V,90,courte,5,3,blanc,true,9450
641028cff84f684cbe744e72,Lancia,Ypsilon 1.4 16V,90,courte,5,3,noir,true,9450
641028cff84f684cbe744e74,Kia,Picanto 1.1,65,courte,5,5,blanc,false,8990
641028cff84f684cbe744e76,Kia,Picanto 1.1,65,courte,5,5,gris,false,8990
641028cff84f684cbe744e78,Kia,Picanto 1.1,65,courte,5,5,noir,false,8990
641028cff84f684cbe744e7a,Kia,Picanto 1.1,65,courte,5,5,rouge,false,8990
641028cff84f684cbe744e7c,Kia,Picanto 1.1,65,courte,5,5,bleu,false,8990
641028cff84f684cbe744e7e,Jaguar,X-Type 2.5 V6,197,longue,5,5,gris,false,37100
641028cff84f684cbe744e80,Jaguar,X-Type 2.5 V6,197,longue,5,5,blanc,true,25970
641028cff84f684cbe744e82,Jaguar,X-Type 2.5 V6,197,longue,5,5,rouge,true,25970
641028cff84f684cbe744e84,Jaguar,X-Type 2.5 V6,197,longue,5,5,rouge,false,37100
641028cff84f684cbe744e86,Jaguar,X-Type 2.5 V6,197,longue,5,5,bleu,true,25970
641028cff84f684cbe744e88,Jaguar,X-Type 2.5 V6,197,longue,5,5,gris,true,25970
641028cff84f684cbe744e8a,Jaguar,X-Type 2.5 V6,197,longue,5,5,noir,true,25970
641028cff84f684cbe744e8c,Jaguar,X-Type 2.5 V6,197,longue,5,5,noir,false,37100
641028cff84f684cbe744e8e,Jaguar,X-Type 2.5 V6,197,longue,5,5,blanc,false,37100
641028cff84f684cbe744e90,Jaguar,X-Type 2.5 V6,197,longue,5,5,bleu,false,37100
641028cff84f684cbe744e92,Hyunda�,Matrix 1.6,103,longue,7,5,bleu,false,15960
641028cff84f684cbe744e94,Hyunda�,Matrix 1.6,103,longue,7,5,blanc,false,15960
641028cff84f684cbe744e96,Hyunda�,Matrix 1.6,103,longue,7,5,gris,false,15960
641028cff84f684cbe744e98,Hyunda�,Matrix 1.6,103,longue,7,5,noir,false,15960
641028d0f84f684cbe744e9a,Hyunda�,Matrix 1.6,103,longue,7,5,rouge,false,15960
641028d0f84f684cbe744e9c,Honda,FR-V 1.7,125,longue,7,5,noir,false,19550
641028d0f84f684cbe744e9e,Honda,FR-V 1.7,125,longue,7,5,bleu,false,19550
641028d0f84f684cbe744ea0,Honda,FR-V 1.7,125,longue,7,5,gris,false,19550
641028d0f84f684cbe744ea2,Honda,FR-V 1.7,125,longue,7,5,blanc,false,19550
641028d0f84f684cbe744ea4,Honda,FR-V 1.7,125,longue,7,5,rouge,false,19550
641028d0f84f684cbe744ea6,Ford,Mondeo 1.8,125,longue,5,5,blanc,true,16730
641028d0f84f684cbe744ea8,Ford,Mondeo 1.8,125,longue,5,5,gris,true,16730
641028d0f84f684cbe744eaa,Ford,Mondeo 1.8,125,longue,5,5,bleu,true,16730
641028d0f84f684cbe744eac,Ford,Mondeo 1.8,125,longue,5,5,noir,true,16730
641028d0f84f684cbe744eae,Ford,Mondeo 1.8,125,longue,5,5,rouge,true,16730
641028d0f84f684cbe744eb0,Ford,Mondeo 1.8,125,longue,5,5,bleu,false,23900
641028d0f84f684cbe744eb2,Ford,Mondeo 1.8,125,longue,5,5,blanc,false,23900
641028d0f84f684cbe744eb4,Ford,Mondeo 1.8,125,longue,5,5,noir,false,23900
641028d0f84f684cbe744eb6,Ford,Mondeo 1.8,125,longue,5,5,gris,false,23900
641028d0f84f684cbe744eb8,Ford,Mondeo 1.8,125,longue,5,5,rouge,false,23900
641028d0f84f684cbe744eba,Fiat,Croma 2.2,147,longue,5,5,blanc,true,17346
641028d0f84f684cbe744ebc,Fiat,Croma 2.2,147,longue,5,5,bleu,true,17346
641028d0f84f684cbe744ebe,Fiat,Croma 2.2,147,longue,5,5,rouge,true,17346
641028d0f84f684cbe744ec0,Fiat,Croma 2.2,147,longue,5,5,gris,true,17346
641028d0f84f684cbe744ec2,Fiat,Croma 2.2,147,longue,5,5,rouge,false,24780
641028d0f84f684cbe744ec4,Fiat,Croma 2.2,147,longue,5,5,bleu,false,24780
641028d0f84f684cbe744ec6,Fiat,Croma 2.2,147,longue,5,5,noir,true,17346
641028d0f84f684cbe744ec8,Fiat,Croma 2.2,147,longue,5,5,blanc,false,24780
641028d0f84f684cbe744eca,Fiat,Croma 2.2,147,longue,5,5,noir,false,24780
641028d0f84f684cbe744ecc,Fiat,Croma 2.2,147,longue,5,5,gris,false,24780
641028d0f84f684cbe744ece,Daihatsu,Cuore 1.0,58,courte,5,3,noir,false,8850
641028d0f84f684cbe744ed0,Daihatsu,Cuore 1.0,58,courte,5,3,blanc,false,8850
641028d0f84f684cbe744ed2,Daihatsu,Cuore 1.0,58,courte,5,3,rouge,false,8850
641028d0f84f684cbe744ed4,Daihatsu,Cuore 1.0,58,courte,5,3,bleu,false,8850
641028d0f84f684cbe744ed6,Daihatsu,Cuore 1.0,58,courte,5,3,gris,false,8850
641028d0f84f684cbe744ed8,Dacia,Logan 1.6 MPI,90,moyenne,5,5,blanc,false,7500
641028d0f84f684cbe744eda,Dacia,Logan 1.6 MPI,90,moyenne,5,5,rouge,false,7500
641028d0f84f684cbe744edc,Dacia,Logan 1.6 MPI,90,moyenne,5,5,noir,false,7500
641028d0f84f684cbe744ede,Dacia,Logan 1.6 MPI,90,moyenne,5,5,gris,false,7500
641028d0f84f684cbe744ee0,Dacia,Logan 1.6 MPI,90,moyenne,5,5,bleu,false,7500
641028d0f84f684cbe744ee2,BMW,M5,507,tr�s longue,5,5,bleu,true,66360
641028d0f84f684cbe744ee4,BMW,M5,507,tr�s longue,5,5,gris,false,94800
641028d0f84f684cbe744ee6,BMW,M5,507,tr�s longue,5,5,blanc,false,94800
641028d0f84f684cbe744ee8,BMW,M5,507,tr�s longue,5,5,noir,false,94800
641028d0f84f684cbe744eea,BMW,M5,507,tr�s longue,5,5,rouge,true,66360
641028d0f84f684cbe744eec,BMW,M5,507,tr�s longue,5,5,blanc,true,66360
641028d0f84f684cbe744eee,BMW,M5,507,tr�s longue,5,5,bleu,false,94800
641028d0f84f684cbe744ef0,BMW,M5,507,tr�s longue,5,5,gris,true,66360
641028d0f84f684cbe744ef2,BMW,M5,507,tr�s longue,5,5,rouge,false,94800
641028d0f84f684cbe744ef4,BMW,M5,507,tr�s longue,5,5,noir,true,66360
641028d0f84f684cbe744ef6,BMW,120i,150,moyenne,5,5,rouge,true,25060
641028d0f84f684cbe744ef8,BMW,120i,150,moyenne,5,5,bleu,false,35800
641028d0f84f684cbe744efa,BMW,120i,150,moyenne,5,5,blanc,false,35800
641028d0f84f684cbe744efc,BMW,120i,150,moyenne,5,5,gris,false,35800
641028d0f84f684cbe744efe,BMW,120i,150,moyenne,5,5,rouge,false,35800
641028d0f84f684cbe744f00,BMW,120i,150,moyenne,5,5,bleu,true,25060
641028d0f84f684cbe744f02,BMW,120i,150,moyenne,5,5,gris,true,25060
641028d0f84f684cbe744f04,BMW,120i,150,moyenne,5,5,noir,true,25060
641028d0f84f684cbe744f06,BMW,120i,150,moyenne,5,5,blanc,true,25060
641028d0f84f684cbe744f08,BMW,120i,150,moyenne,5,5,noir,false,35800
641028d0f84f684cbe744f0a,Audi,A3 2.0 FSI,150,moyenne,5,5,noir,true,19950
641028d0f84f684cbe744f0c,Audi,A3 2.0 FSI,150,moyenne,5,5,noir,false,28500
641028d0f84f684cbe744f0e,Audi,A3 2.0 FSI,150,moyenne,5,5,rouge,false,28500
641028d0f84f684cbe744f10,Audi,A3 2.0 FSI,150,moyenne,5,5,gris,true,19950
641028d0f84f684cbe744f12,Audi,A3 2.0 FSI,150,moyenne,5,5,blanc,false,28500
641028d0f84f684cbe744f14,Audi,A3 2.0 FSI,150,moyenne,5,5,blanc,true,19950
641028d0f84f684cbe744f16,Audi,A3 2.0 FSI,150,moyenne,5,5,bleu,true,19950
641028d0f84f684cbe744f18,Audi,A3 2.0 FSI,150,moyenne,5,5,bleu,false,28500
641028d0f84f684cbe744f1a,Audi,A3 2.0 FSI,150,moyenne,5,5,gris,false,28500
641028d0f84f684cbe744f1c,Audi,A3 2.0 FSI,150,moyenne,5,5,rouge,true,19950
641028d0f84f684cbe744f1e,Audi,A2 1.4,75,courte,5,5,noir,true,12817
641028d0f84f684cbe744f20,Audi,A2 1.4,75,courte,5,5,bleu,false,18310
641028d0f84f684cbe744f22,Audi,A2 1.4,75,courte,5,5,gris,false,18310
641028d0f84f684cbe744f24,Audi,A2 1.4,75,courte,5,5,bleu,true,12817
641028d0f84f684cbe744f26,Audi,A2 1.4,75,courte,5,5,gris,true,12817
641028d0f84f684cbe744f28,Audi,A2 1.4,75,courte,5,5,noir,false,18310
641028d0f84f684cbe744f2a,Audi,A2 1.4,75,courte,5,5,rouge,false,18310
641028d0f84f684cbe744f2c,Audi,A2 1.4,75,courte,5,5,blanc,true,12817
641028d0f84f684cbe744f2e,Audi,A2 1.4,75,courte,5,5,rouge,true,12817
641028d0f84f684cbe744f30,Audi,A2 1.4,75,courte,5,5,blanc,false,18310
